id_sensor;place;gps
5;Trnavske myto;48.15839365809824,17.128922790334133
6;Trnavske myto;48.157,17.127
8;Raca;48.210,17.156
2;Raca;48.21126991552776,17.15794898683604
11;Svaty jur;48.2483564997389,17.21807728112588
